"timestep","S","I","C","v"
1,0.99,0.01,-3.98364801289664e-39,4.0974136788626e-07
2,0.987528092185063,0.0112968768407826,0.00247190781493665,4.13545244177071e-07
3,0.984743032189411,0.0127545188165226,0.00525696781058893,4.17896581414718e-07
4,0.981608053415557,0.0143908021233923,0.00839194658444314,4.22880655877157e-07
5,0.978082868174175,0.0162250235409835,0.0119171318258251,4.28597883553793e-07
6,0.974123550911435,0.0182778502820198,0.0158764490885648,4.3516709765005e-07
7,0.969682486106247,0.0205712110649759,0.0203175138937533,4.42729671410854e-07
8,0.964708403861502,0.0231281122920002,0.0252915961384983,4.5145477922021e-07
9,0.959146530249028,0.0259723610727926,0.030853469750972,4.61546182305679e-07
10,0.952938883328336,0.0291281751202406,0.0370611166716644,4.73251077950809e-07
11,0.94602474900039,0.0326196586494997,0.0439752509996101,4.86871777291044e-07
12,0.938341372863304,0.0364701238586364,0.0516586271366962,5.02781315284165e-07
13,0.929824904203362,0.0407012400020646,0.0601750957966376,5.21444612092779e-07
14,0.920411625199712,0.0453319972368245,0.0695883748002879,5.43447606612861e-07
15,0.910039491230812,0.0503774811183713,0.0799605087691881,5.69538057062635e-07
16,0.898649995705844,0.0558474665719444,0.0913500042941559,6.00683780657712e-07
17,0.8861903541181,0.0617448578546817,0.1038096458819,6.38157586946178e-07
18,0.872615976458215,0.0680640234671675,0.117384023541785,6.83664186292166e-07
19,0.85789316491304,0.0747891014323957,0.13210683508696,7.39535167285201e-07
20,0.842001936217978,0.0818923790562362,0.147998063782022,8.09038349714457e-07
21,0.824938827899879,0.0893328791805115,0.165061172100121,8.96887447991587e-07
22,0.806719509370097,0.0970553077055472,0.183280490629903,1.01012010932841e-06
23,0.787380988373093,0.104989529426544,0.202619011626907,1.15969412091642e-06
24,0.766983187635328,0.113050735260505,0.223016812364672,1.36358626694046e-06
25,0.745609672610817,0.121140438726817,0.244390327389183,1.65331918340282e-06
26,0.723367344349283,0.129148390215689,0.266632655650717,2.08917626823518e-06
27,0.700384973840196,0.13695542484822,0.289615026159804,2.800179219835e-06
28,0.676810543183927,0.14443716887698,0.313189456816073,4.09799685816387e-06
29,0.65280746694388,0.15146843039207,0.33719253305612,7.32109168223728e-06
30,0.628549894521356,0.157927993082876,0.361450105478644,0.499993934823953
31,0.61626321721946,0.151657642028935,0.373736782780539,0.49999612538906
32,0.604690538642247,0.145410077921033,0.385309461357753,0.499997037355156
33,0.593798747689601,0.139215734322542,0.396201252310399,0.49999753209266
34,0.583554821782188,0.133101380238095,0.406445178217812,0.499997836787169
35,0.573926107902702,0.12709026966934,0.416073892097298,0.499998037991094
36,0.564880559740581,0.121202317493954,0.425119440259419,0.499998175924095
37,0.556386927592742,0.115454301922329,0.433613072407258,0.4999982718313
38,0.548414905628168,0.109860085801096,0.441585094371832,0.499998337946893
39,0.540935242016159,0.104430849049154,0.449064757983841,0.499998381759844
40,0.533919817278924,0.0991753255573926,0.456080182721076,0.499998408053956
41,0.527341695826758,0.0941000390693838,0.462658304173242,0.499998419967447
42,0.521175155148524,0.0892095336900543,0.468824844851476,0.499998419579514
43,0.515395696624673,0.0845065956863402,0.474604303375327,0.499998408251085
44,0.509980041434682,0.0799924641311557,0.480019958565318,0.499998386829529
45,0.504906114562409,0.0756670286981269,0.485093885437591,0.499998355773689
46,0.500153019470743,0.0715290135455429,0.489846980529257,0.499998315229504
47,0.49570100562567,0.0675761467439455,0.49429899437433,0.499998265073011
48,0.491531430701064,0.0638053151147399,0.498468569298936,0.499998204930011
49,0.487626718988318,0.0602127046699383,0.502373281011682,0.499998134177268
50,0.483970317267496,0.0567939270882839,0.506029682732504,0.499998051927185
51,0.480546649165972,0.0535441328425497,0.509453350834028,0.499997956995679
52,0.47734106883329,0.0504581117178103,0.51265893116671,0.499997847850892
53,0.474339814593659,0.0475303815408663,0.515660185406341,0.499997722538037
54,0.471529963096654,0.0447552659854836,0.518470036903346,0.499997578572576
55,0.46889938436894,0.0421269623342531,0.52110061563106,0.499997412789412
56,0.466436698072107,0.0396396000721088,0.523563301927893,0.499997221128808
57,0.464131231191159,0.0372872911642765,0.525868768808841,0.499996998328501
58,0.461972977312261,0.0350641728371415,0.528027022687739,0.499996737472553
59,0.459952557594834,0.0329644436378952,0.530047442405166,0.499996429314743
60,0.458061183499882,0.0309823935008193,0.531938816500118,0.499996061234994
61,0.456290621301933,0.0291124284970788,0.533709378698067,0.49999561557565
62,0.454633158384492,0.0273490908928291,0.535366841615508,0.499995066882781
63,0.453081571297035,0.0256870750888832,0.536918428702965,0.499994377111113
64,0.451629095533867,0.0241212399655653,0.538370904466133,0.499993486798155
65,0.450269396979576,0.0226466181104022,0.539730603020424,0.499992297612151
66,0.448996544948991,0.0212584223670307,0.541003455051009,0.499990634617205
67,0.447804986723054,0.0199520501186764,0.542195013276946,0.49998815514052
68,0.446689523420794,0.0187230857322047,0.543310476579206,0.499984089790021
69,0.445645286848314,0.017567301737977,0.544354713151686,0.499975877798172
70,0.444667715259257,0.0164806609595907,0.545332284740743,7.49826402297228e-06
71,0.442839393585003,0.0163724539236395,0.547160606414997,6.52024906962897e-06
72,0.441030517979619,0.0162575154807052,0.548969482020381,5.73298340930615e-06
73,0.439241650896173,0.0161360741388891,0.550758349103827,5.08978165210217e-06
74,0.437473320073398,0.0160083662702195,0.552526679926602,4.5565841785592e-06
75,0.435726018512453,0.0158746352098534,0.554273981487546,4.10894248780308e-06
76,0.434000204553464,0.0157351303613458,0.555999795446536,3.72926851507316e-06
77,0.4322963020472,0.015590106311916,0.5577036979528,3.4042433071062e-06
78,0.430614700616868,0.0154398219615629,0.559385299383132,3.12367567671182e-06
79,0.428955756006929,0.0152845396674756,0.561044243993071,2.8796837110302e-06
80,0.427319790513939,0.0151245244069682,0.562680209486061,2.66608243047203e-06
81,0.425707093494049,0.0149600429621052,0.564292906505951,2.47795522798546e-06
82,0.424117921941707,0.0147913631289316,0.565882078058293,2.31135335036696e-06
83,0.422552501133977,0.0146187529540162,0.567447498866023,2.16307440851833e-06
84,0.421011025334762,0.0144424800007837,0.568988974665238,2.03049713071476e-06
85,0.419493658553265,0.0142628106478286,0.570506341446735,1.91145783174004e-06
86,0.418000535351018,0.0140800094211062,0.571999464648982,1.80415699402579e-06
87,0.41653176169191,0.0138943383615965,0.57346823830809,1.70708760096542e-06
88,0.415087415829746,0.0137060564297356,0.574912584170254,1.61897946543155e-06
89,0.413667549228019,0.0135154189476179,0.576332450771981,1.53875556598497e-06
90,0.412272187506744,0.013322677079681,0.577727812493256,1.46549753568124e-06
91,0.410901331411382,0.0131280773523151,0.579098668588618,1.39841818689477e-06
92,0.409554957799118,0.0129318612125737,0.580445042200882,1.3368394767842e-06
93,0.408233020637947,0.0127342646259205,0.581766979362053,1.2801747066873e-06
94,0.406935452014299,0.0125355177127159,0.583064547985701,1.22791404151756e-06
95,0.405662163145127,0.0123358444229379,0.584337836854873,1.17961265378501e-06
96,0.404413045390695,0.01213546224844,0.585586954609305,1.13488095882649e-06
97,0.403187971264502,0.011934581971874,0.586812028735498,1.09337652811449e-06
98,0.401986795437069,0.0117334074512533,0.588013204562931,1.05479735772185e-06
99,0.400809355730569,0.0115321354389946,0.589190644269431,1.01887623752363e-06
100,0.399655474101507,0.01133095543416,0.590344525898493,9.8537601933338e-07
101,0.398524957608956,0.0111300495665216,0.591475042391044,9.54085622947015e-07
102,0.397417599366035,0.0109295925109892,0.592582400633965,9.24816650889949e-07
103,0.39633317947262,0.0107297514308751,0.59366682052738,8.97400507646287e-07
104,0.39527146592745,0.0105306859484201,0.59472853407255,8.71685938871543e-07
105,0.39423221551805,0.0103325481409713,0.59576778448195,8.47536921744745e-07
106,0.393215174687086,0.0101354825611772,0.596784825312914,8.24830850105378e-07
107,0.392220080373965,0.00993962627956004,0.597779919626034,8.03456968035246e-07
108,0.3912466608307,0.00974510894782521,0.5987533391693,7.833150136142e-07
109,0.390294636411223,0.00955205288128217,0.599705363588776,7.64314041110301e-07
110,0.389363720333506,0.00936057315877315,0.600636279666494,7.46371395176189e-07
111,0.388453619414004,0.00917077773853637,0.601546380585996,7.29411814961609e-07
112,0.387564034774084,0.00898276758846997,0.602435965225916,7.13366649610383e-07
113,0.38669466251824,0.00879663682930602,0.60330533748176,6.98173169540717e-07
114,0.385845194384008,0.0086124728892554,0.604154805615992,6.83773960330961e-07
115,0.385015318363632,0.0084303566687381,0.604984681636368,6.70116388043758e-07
116,0.384204719297604,0.00825036271387257,0.605795280702396,6.57152126496436e-07
117,0.383413079440338,0.00807255939745859,0.606586920559662,6.4483673838498e-07
118,0.382640078998273,0.00789700910625235,0.607359921001727,6.33129303342478e-07
119,0.381885396640826,0.00772376843339653,0.608114603359174,6.21992086999757e-07
120,0.381148709984644,0.00755288837493567,0.608851290015356,6.11390245948629e-07
121,0.380429696051679,0.00738441452941209,0.609570303948321,6.01291564212465e-07
122,0.379728031701681,0.00721838729960503,0.610271968298319,5.91666217426639e-07
123,0.379043394039698,0.00705484209554044,0.610956605960302,5.82486561439794e-07
124,0.378375460799271,0.00689380953796465,0.611624539200729,5.73726942480755e-07
125,0.377723910701996,0.00673531566153723,0.612276089298004,5.65363526406853e-07
126,0.377088423794171,0.00657938211706149,0.612911576205829,5.57374144867545e-07
127,0.376468681761268,0.00642602637213018,0.613531318238732,5.49738156490561e-07
128,0.375864368220978,0.0062752619096216,0.614135631779022,5.42436321433272e-07
129,0.375275168995588,0.00612709842353806,0.614724831004412,5.3545068784533e-07
130,0.374700772364461,0.00598154201173022,0.615299227635539,5.28764488964484e-07
131,0.37414086929739,0.0058385953651032,0.61585913070261,5.22362049720058e-07
132,0.373595153669591,0.00569825795294729,0.616404846330409,5.16228701851065e-07
133,0.373063322459112,0.00556052620408249,0.616936677540888,5.10350706661356e-07
134,0.372545075927407,0.00542539368354841,0.617454924072593,5.04715184634802e-07
135,0.372040117783829,0.00529285126461199,0.617959882216171,4.99310051221525e-07
136,0.371548155334787,0.00516288729590296,0.618451844665213,4.94123958183158e-07
137,0.371068899618292,0.00503548776352212,0.618931100381708,4.89146239952701e-07
138,0.370602065524603,0.00491063644800034,0.619397934475397,4.84366864523879e-07
139,0.370147371903666,0.00478831507601627,0.619852628096334,4.79776388437132e-07
140,0.36970454166004,0.00466850346680899,0.62029545833996,4.7536591547547e-07
141,0.369273301835958,0.00455117967324662,0.620726698164042,4.71127058724009e-07
142,0.368853383683168,0.00443632011753612,0.621146616316832,4.67051905683046e-07
143,0.368444522724187,0.00432389972158063,0.621555477275813,4.63132986156331e-07
144,0.368046458803559,0.00421389203200919,0.621953541196441,4.59363242664472e-07
145,0.367658936129711,0.00410626933992206,0.622341063870289,4.5573600315848e-07
146,0.36728170330796,0.0040010027954097,0.62271829669204,4.52244955830835e-07
147,0.366914513365224,0.00389806251691756,0.623085486634776,4.48884125841288e-07
148,0.366557123766944,0.00379741769554083,0.623442876233056,4.45647853792385e-07
149,0.366209296426735,0.0036990366943444,0.623790703573265,4.42530775805552e-07
150,0.365870797709228,0.00360288714281199,0.624129202290772,4.3952780506272e-07
151,0.365541398426585,0.00350893602653689,0.624458601573415,4.36634114691183e-07
152,0.365220873829098,0.00341714977227319,0.624779126170902,4.33845121880759e-07
153,0.364909003590325,0.00332749432847207,0.625090996409675,4.31156473132508e-07
154,0.364605571787137,0.00323993524143246,0.625394428212863,4.28564030547475e-07
155,0.364310366875077,0.00315443772719873,0.625689633124923,4.26063859072166e-07
156,0.364023181659385,0.003070966739341,0.625976818340615,4.23652214624876e-07
157,0.363743813262038,0.00298948703275531,0.626256186737962,4.21325533033755e-07
158,0.363472063085139,0.00290996322362279,0.626527936914861,4.19080419723481e-07
159,0.363207736770954,0.00283235984566654,0.626792263229046,4.16913640092939e-07
160,0.362950644158914,0.00275664140284549,0.627049355841085,4.14822110531201e-07
161,0.362700599239838,0.00268277241862417,0.627299400760162,4.12802890023631e-07
162,0.362457420107658,0.00261071748195534,0.627542579892342,4.10853172303959e-07
163,0.362220928908895,0.00254044129011189,0.627779071091105,4.08970278511868e-07
164,0.361990951790115,0.00247190868850199,0.628009048209885,4.07151650319e-07
165,0.36176731884359,0.0024050847075995,0.62823268115641,4.05394843489282e-07
166,0.361549864051381,0.00233993459711914,0.628450135948619,4.03697521842301e-07
167,0.361338425228026,0.00227642385756317,0.628661574771974,4.02057451590919e-07
168,0.361132843962032,0.00221451826926339,0.628867156037968,4.00472496026646e-07
169,0.360932965556335,0.00215418391903927,0.629067034443665,3.98940610528382e-07
170,0.360738638967895,0.0020953872245897,0.629261361032105,3.97459837872033e-07
171,0.360549716746578,0.00203809495673251,0.629450283253422,3.9602830382028e-07
172,0.360366054973465,0.00198227425960232,0.629633945026535,3.94644212973343e-07
173,0.360187513198723,0.00192789266891419,0.629812486801277,3.93305844863083e-07
174,0.360013954379159,0.00187491812839632,0.629986045620841,3.92011550274079e-07
175,0.359845244815577,0.00182331900449225,0.630154755184424,3.907597477766e-07
176,0.359681254090036,0.00177306409942872,0.630318745909964,3.89548920457454e-07
177,0.359521855003123,0.00172412266274234,0.630478144996877,3.8837761283579e-07
178,0.359366923511315,0.0016764644013538,0.630633076488684,3.87244427951815e-07
179,0.359216338664527,0.00163005948827638,0.630783661335473,3.86148024617343e-07
180,0.35906998254392,0.00158487857004003,0.63093001745608,3.85087114817799e-07
181,0.358927740200042,0.00154089277291069,0.631072259799958,3.84060461256121e-07
182,0.358789499591371,0.0014980737079798,0.631210500408629,3.83066875029641e-07
183,0.35865515152331,0.00145639347519659,0.63134484847669,3.82105213431656e-07
184,0.358524589587704,0.00141582466641175,0.631475410412296,3.81174377870005e-07
185,0.358397710102916,0.00137634036749862,0.631602289897084,3.80273311895464e-07
186,0.358274412054521,0.00133791415961445,0.631725587945479,3.79400999333299e-07
187,0.358154597036644,0.0013005201196615,0.631845402963356,3.78556462511742e-07
188,0.358038169193989,0.00126413282000492,0.631961830806011,3.77738760581615e-07
189,0.357925035164598,0.00122872732750131,0.632074964835402,3.76946987921667e-07
190,0.357815104023349,0.0011942792018895,0.632184895976651,3.761802726246e-07
191,0.357708287226246,0.00116076449359213,0.632291712773754,3.75437775059064e-07
192,0.357604498555497,0.00112815974097415,0.632395501444503,3.74718686503207e-07
193,0.357503654065425,0.00109644196710216,0.632496345934575,3.74022227845689e-07
194,0.35740567202921,0.0010655886760458,0.63259432797079,3.73347648350296e-07
195,0.35731047288649,0.00103557784876038,0.63268952711351,3.72694224480548e-07
196,0.357217979191818,0.00100638793858792,0.632782020808182,3.72061258780957e-07
197,0.357128115564009,0.000977997866410961,0.63287188443599,3.71448078811745e-07
198,0.357040808636359,0.000950387015492697,0.632959191363641,3.70854036134095e-07
199,0.356955987007754,0.000923535226033867,0.633044012992246,3.7027850534314e-07
200,0.356873581194681,0.000897422789475915,0.63312641880532,3.69720883146104e-07
201,0.356793523584124,0.000872030442577483,0.633206476415876,3.6517079800998e-07
